text,label
text,0
A eddy wat size u wear brah i got u with some shoes,0
Aww... another lazy day,0
Why am I up ?,0
Little tanner said what's up with that 1V1 in football? My man said he put dudes on an island when he plays against you scrubs,0
Saying â€œbitchâ€ after proving your point.,1
Photoset: â€œChris Colfer is one of the most beautiful human beings on this earth.â€ -Â After Elton http://t.co/DNx3XY2Fje,0
Twitter is gay tonight,0
RT @BelieveMovie: US/Canada - you can now download the #BelieveMovie on iTunes! http://t.co/j005i7QUTS,0
RT @NotKrzyzewski: Kentucky is going to the Elite 8. Its true what they say...theres nothing good on TV anymore.,0
RT @Cum_n_mybooty: #RETWEET THIS! FOLLOW ME &amp; EVERYONE ELSE THAT RETWEETS THIS FOR 50+ FOLLOWERS FAST! #TeamFollowBack #Follow2BeFollowed #â€¦,0
"This girl just said ""totes adorbs"" when her friend showed her a pic",0
RT @Rowan_olmanbob: Good on you @JayWeatherill for not doing a deal with the devil..... public assets are public assets. Hold true to Laborâ€¦,0
"@dicklobsta I know exactly how you feel but

The only time I get annoyed really is wen I annoy myself and why would you be annoying us+",0
"@amreenkadwa man you said it wrong it's ""let me down""",0
"ğŸ˜‚ damn, i thought it was cool
asf .. bust my little bubble!",0
@JesseChurch25 car and my car go on play dates togetherğŸš—ğŸš™,0
Get 1000s followers in 1 day http://t.co/DHeTruteTM,0
I posted a new photo to Facebook http://t.co/bG7ZllPym1,0
Sign up for our newsletter: http://t.co/96vlFwQW31,0
We will not be making April fool jokes on 1 April. Keep watching this space......for a special offer too good to be true.,0
"â™« She (Featuring Frank Ocean) â€“ Tyler, The Creator http://t.co/EkzMHUjk05 #NowPlaying",0
@monkeyfeather I'm adding it to my joke packet/cry for help notebook .,0
I posted a new photo to Facebook http://t.co/TcxqnvnzhD,0
I wrote a song about who I love ...,0
@stackz908 d dot wade ain't loyal,0
Got to let the air flow through! -TaMz http://t.co/qLquS7eWKL,0
Stars dance by @selenagomez,0
"@sintasilalahi1 ""@Tweetnesian: #HaloNesianers Mention Someone Beautiful ?""",0
@KFC_India #KFCLifeIsSoGood Jugaad ;),0
Venting to a certain someone would be nice right now .. But you're too busy so.. Well shit,1
You ever text someone something and you just sound dumb af after you read it over.. And can't do shit about it.. I have..,1
"I'm honestly done kissing ass, if you want to stay cool if not then just leave out of my life &amp; don't come back.",1
@_mycole how is that,1
I posted a new photo to Facebook http://t.co/yWnfzFIBhQ,0
RT @PlzStayStrong_: When I die... http://t.co/qbDDtHrqgT,0
RT @___JuanDiego: â€œ@That_SwaggDope: Y'all Females In LR Too Foolish for Me âœ‹ğŸ˜’â€ğŸ‘Œ say it again fam,1
RT @EricSchiller6: One text would change eveything..,0
I posted a new photo to Facebook http://t.co/qYZFWFpFKr,0
@christyokesim sorry ill comment later.. Because at outside n using hp.. But i lov your sinopsis :-),0
njn #KCA #VoteTheWantedUK,0
You know why I hate cops? Because how is it ok for some people to tell other people their living life the wrong way?,0
Sealife: Pre nook now for Priority Entry and save up to 40% online at SEA LIFE Manch... (Code: N/A) http://t.co/B1IiznWInx #deals #uk,0
"RT @Lesliedlku2: #EpicMobClothing â˜¯Gain Followers
â˜¯RT This
â˜¯MUST FOLLOW ME I FOLLOW BACK
â˜¯Follow everyone who rts
â˜¯Gain
  #FOLLOWBACK 471",0
Nodding my head to everything Phil says in hopes that she'll stop talking,0
NiTwitterCanary : Now is now Sat Mar 29 01:00:02 2014,0
@TakenBy_aHooper ... awl hell no i dont.. I've gathered all my thoughts now! ğŸ™ˆ,1
I hate being alone because then I'm alone with my thoughts and I over think and get sad about everything.,0
"RT @Gamma_Monkey: #RETWEETÂ IF YOU FOLLOWBACK ãƒ„ 100%Â 
#TEAMFOLLOWBACKÂ 
#FOLLOWPYRAMID 
#TEAMFOLLOWMONKEYÂ 
#FOLLOW2BeFOLLOWED

#FOLLOWÂ â–ºâ–ºÂ @erâ€¦",0
RT @ParadoxBamf: I really hope my hair turns out the way I want it tomorrow.,0
RT @NickRowanx: I will fight anyone who talks in the movie theater.,0
@jxeho where your dads car gone? kkkk,1
Ally thinks she's soooo funny and she's actually very very stupid,0
God you're so annoying. Do you ever grow up?,0
Great Photo http://t.co/dlvK2L0zdb #photo #blog #follow,0
Oomf Done Lost They Fuckin' Mind,1
"Uptime: 16 days 27 mins - Load: 0.00, 0.00, 0.00 (0 users)",0
"""@SaraiStella: @patriciari19 Ana P. De BethancourtğŸ’•ğŸ‘Œ."" http://t.co/KyR6Rxrhwg",0
RT @R_Marie87: Everyone's favorite coaches http://t.co/EAzk3l9C3s,0
What U mean? â€” Like do you tell your crush in cyber world like really (?) http://t.co/uh6GQlkZpf,0
RT @AndreaVVTW: cam #KCA #VoteTheWantedUK,0
w/ my lovely sis &gt;3&lt; @ à¸à¸£à¸¡à¹€à¸ˆà¹‰à¸²à¸—à¹ˆà¸² (Marine Department) http://t.co/PcYKmRe9AX,0
T-Mobile does away with company discount plan http://t.co/Mi3yBcje51 #Tech,0
RT @KingOvFreaks: In my bag by @FATTREL and @Wale goo ğŸ˜ğŸ§ğŸ§ğŸ§,0
Whitney and I need to go on more dates,0
Pacific Responsive WordPress Magazine Theme #template #wordpress #wpthemes #themeforest #newthemes : http://t.co/sWAOWVUOVo,0
O.M.G. Â @greeneyed9 is so awesome! http://t.co/kxMsq5c50B,0
@taylorcaniff seems like an amazing huger ughhhh,0
RT @MELOVESDARAGON: Mention Someone Beautiful #2NE1 #COMEBACKHOME Sandara Park 39 http://t.co/qaK2JHPf7G,0
Went to the footy last night. Pretended to go for the dons so my boyfriend wouldn't get mad. #sainterslovin http://t.co/82Z07M1DMW,0
Was at the Dodger game when the earthquake hit âš¾ï¸ğŸ’™,0
Ve ps! Que CASUALIDAD!     *fuck you*,1
OMG Virgin suicides is nuts,1
@x0boo @Coopaloop_10 @morganHooley well when I look on twitter and see all this garbage mentioning Morgan from Alexa and Paige and whoever,0
RT @AlabamaSB: Haylie McCleney makes #4 on tonight's Sportscenter Top 10! #SCtop10 #BamaSB http://t.co/xVqp73t8I4,0
Good morning fitfam! It's sanitation Saturday in many States. Where and how you doing your workout today?,0
"""Keep your face in the sunshine and you can never see the shadow."" Helen Keller",0
Lately I've been  I've been losing sleep dreaming about the things that we should be.... #Vote1DUK #KCA,0
ğŸ˜‚ğŸ˜‚ knew it before even seeing it,0
Damn.  This greenery ğŸ˜Œ,0
I came up with this vehicle control system yesterday: http://t.co/B70raglYht,0
Don't tell me to relax!,0
HEY ! Go follow @TheDylanHyde he is a really good singer &amp; duh good looking ! Give him a follow &amp; support ğŸ’,0
"""@AAofficial: Our official accounts: @dannyworsnop @benjaminbruce @cameronliddell @samuelbettley @James_Cassells http://t.co/lsRAEkI2Y5""",0
cant wait to hangout w @lindseyylooo_ tomorrow ğŸ™†ğŸ˜,0
RT @atra_jumadil: earth without art just eh ....,0
â€œ@_SheRollItUp: I aint fucking with it ğŸ™…â€then leave me alone,1
"RT @WVSUConfessions: ""ay frfr there are bout to b some BANGERS when we get up in these new dorms.""",0
"no cheerless For my, I broke my arm",0
#android skip you http://t.co/6rJOQWBqnA,0
"RT @ashley_emiline: Hate when a pretty girl smokes cigarettes, you get negative points for that nasty habit!",0
Unfolding the Business of Internet Business Marketing Training By Sandy A. McDonald http://t.co/VX2fpU46WJ,0
I posted a new photo to Facebook http://t.co/awCcC7tliO,0
Inside Jean-Lee B&amp;B's Rooms in Pietermaritzburg - Leon Heyes Photography [March 2014]. New Website soon to be... http://t.co/ozAVW8YOKH,0
"@RoseOfTheTardis *she smiles in return, taking the piece of paper* If I ever see the Doctor, shall I call you?",0
"â€œ@_ThatGuyNoe_: https://t.co/VaRWMakqmA YKğŸ”¥ LISTEN TO MY DAWG NEW SHIT ""MAKE THAT ASS DROP"" @ROOSROZ @ImetBenjiâ€",1
I posted a new photo to Facebook http://t.co/TgfzBdwIUV,0
"#hiphopartist #djs #Watches 2014 collection Crystal high quality low cost #watches ""handselected"" for you on sale! http://t.co/KaWtEWO2Gp",0
RT @YourAnonNews: RT @soit_goes: Police stopping protesters from delivering demands to BP over #ChiSpill http://t.co/lpmHjKPHOI,0
@kirstenreed_ #livetweet from my bed and me and my bed are both wondering why you aren't here,0
buying  Garmin Forerunner 10  IN STOCK NOW #military #fitness #running #runningtips http://t.co/4DaXMljEsW,0
RT @Nicole_Zecch99: Guys it's the last day! Please don't stop now! #KCA #VoteTheWantedUK,0
RT @medaFriendship: A best friend is someone who makes you laugh when you think you'll never smile again.,0
RT @x_Cleopatra: WE ARE IN COLLEGE. WE ARE TOO OLD TO BE FIGHTING.,0
"RT @KenndrickLamar: If I'm weird with you, I'm comfortable with you.",0
"names Artemis, I have a bleached asshole",1
@haaaaaleeeeyy I witnessed a blow job against the rail up front I wish I was joking this crowd was disgusting,0
The last chance to cash in on these fabulous savings From the Herholdt Group. Are you participating in the Earth... http://t.co/DQafRnrdUp,0
"Branched a plate today ğŸ˜ğŸ‘Œ
Not a lot but I've improved a shit load in the past 3 weeks ğŸ‘Œ",1
"RT @Xxbsywxx_: lonely gurl,lonely world......this gurl is on fireeeee, this gurl is on fire, she walking on fireeeee!",0
ã€Minecraftã€‘MAICRA FANTASY 3ã€Re:Act.24ã€‘ http://t.co/1xe0TXA1cc,0
"@lolakelmendi lmao u got 2 read this, its epic http://t.co/o86pukamHP",0
"@YungKingC4 rofl u got 2 see this, its epic http://t.co/RYT9OXZAJa",0
RT @ComedyOrTruth: When middle schoolers say they're excited for high school... http://t.co/BFfwVl3aYQ,0
@jeraldheng its k go back to casual games like l4d2,0
The 85 richest people on Earth own 46% of its wealth. Richest 1% in the US has received 95% of wealth created since 2009. #JustSomeNumbers,0
RT @angiepangiee_: Did I just waste valuable make up and energy for no reason really,0
it me http://t.co/EvugtQPMLe,0
âœ©âœ©âœ©âœ©âœ© Amazon Review by Top 500 Reviewer for #APunctualPaymaster http://t.co/zHtssa93bi http://t.co/XmYKw83Qiu,0
"Not tired but tired, ya feel?",0
"I wanna be at this Church, something is going on in this place!!!!! Glorify Him!!!! Hallelujah!!!! When it comes... http://t.co/jJk5oiSrb7",0
"â€œ@JLHill412: She left me roses by the stairs, surprises let me know she caresâ€ say it ain't so, I will not go!!!!",0
RT @Janabananaky: RETWEET If you are ready to get #crackin on Friday? #Cardnation #BeatUK #UofL #BeatKentucky #UofL #PistachioMadness http:â€¦,0
Wilton Shamrock Pan: Wilton Shamrock Pan: Kitchen and Dining http://t.co/UAsKLhGdI7,0
"RT @weinerdog4life: When one door closes, another door opens, close that door, my cabinet opens, close the cabinet my shower turns on, it'sâ€¦",0
"Kangen nari kek ini lg aaaaa ğŸ˜¥ (with Novendy, Aji Muhammad, and 2 others) [pic] â€” https://t.co/sXcNbspnBN",0
Vegan Strippers Tell All http://t.co/uDRCWCXfWd,0
RT @socamm: @_iamla_ you right.,0
yet codes qr that and discover / GOD morning the sunday day the is by celebrating,0
RT @SarahMJackson1: May2 #RocDaMic Colonial Theatre Sacramento #Retweet @Gseven7CMG @deanmartinnever http://t.co/Fp0BEKPNRA,0
RT @thefinebros: @PhillyD That had to have been fun!,0
@imso_witda_shit ğŸ˜‚ğŸ˜‚ğŸ˜‚ ik you ain't seen him just like I ain't,0
#VoteSamAndCat #KCA BHKH,0
"""Try something new each day. After all, we're given life to find it out. It doesn't last forever."" -Harold and Maude",0
What You're Saying With Your Facial Hair http://t.co/vS1mEZqTGO,0
RT @sykescandal: gg #KCA #VoteTheWantedUK,0
RT @sean_nochill: ğŸ˜³ it really works. #Retweet http://t.co/wb0R9lSuLg,0
"SuperRugby this Saturday!
29 March 2014.
#superrugby #sport http://t.co/4lwlJz9ILw",0
now im in a shitty mood ugh,0
RT @Westside_smoove: Crazy girlfriends hate every bitch that talk to you ğŸ˜‚ğŸ˜‚ğŸ˜‚ http://t.co/KR5vfWlkYg,1
"RT @alienism3104: #MostHeartbreakingLines ""the uploader has not made this video available in your country""",0
I'm at Mystic Village Torre 200 http://t.co/6YuWfKp6Li,0
Didn't try to favorite that,0
myopinion: Take another look at $ZAAP LOW FLOAT  http://t.co/AwwBgQRcZV,0
I love you,0
"I've gathered 14 Scrolls! Can you do better? Download to find it out! http://t.co/IqfFRBLsvv #android,#androidgames,#gameinsight",0
"RT @AldeburghFood: Alde Valley Spring Festival - a celebration of food, farming, landscape and the arts - 19 April-18 May. Programme http:/â€¦",0
RT @BestTextMsgs: a date like this would be so perfect http://t.co/uOXYiqmNlf,0
Shoutout to @HeyitsItzel for trying to feed me Nutella through snapchat. We almost had it..,0
#MostHeartbreakingLines ano ba kita?,0
"It's 1, ew i'm in my feels ğŸ˜©",0
Y'all see this damn Erika I been supporting you tooooooooo long now u back stabbing ğŸ˜‚ğŸ˜‚ğŸ˜‚ğŸ˜‚ğŸ’€ğŸ’€,1
RT @OMGFunniest_: Waterfall Illusion http://t.co/0n7xX7PD3J,0
â€œ@_hannnahxo: I really need to start thinking before I do stupid shitâ€,1
â€œ@xFromNothingx: I have some hot followersâ€ thanks bae.,0
"Allah is Sufficient for me, none has the right to be worshipped except Him, upon Him I rely and He is Lord of the exalted throne #islam",0
Turned out to be a good night,0
"After seeing these pics, you're bound to see faces everywhere! http://t.co/iEFHr30u1w",0
RT @Bshine569: @_AmazingChase lol ooh he buggn den he better recognize before sumbdy else do lmao #rns tho,0
"#Vote1DUK #KCA

RT &amp; QUOTE to vote!

WE'RE LOSING BY 11K TO THE WANTED!
Last day! Vote!

11008",0
"#Vote1DUK #KCA

RT &amp; QUOTE to vote!

WE'RE LOSING BY 11K TO THE WANTED!
Last day! Vote!

11008",0
Recent Stats = 292 Followers and 4 Unfollowers get your statistics at http://t.co/Ir7cbkNzXP,0
"Dancing With the Stars Results: Who Went Home in Shocking... http://t.co/LYTZpGtOB3
 #CodySimpson #DianaNyad #EmmaSlater #ValChmerkovskiy",0
@TheKid_Goose your hulk,0
@millienlm then imessage me,0
@NICOLE___GARCIA ğŸ‘ you're an angel fan?,0
@thukralnikita Save Earth... Just A Matter Of 1 Hr.. From 8:30 PM to 9:30 PM ..today. http://t.co/5JAuEcRPIA  http://t.co/blSiBHEsUT,0
RT @rissmaizy: @jarletteuy SERIOUSLY THOUGH I THINK I SCARED HIM AT MAGCON THOUGH LMAO,0
RT @bigmusiccatalog: #I:Cube all albums download http://t.co/dM7Zg2CuB2,0
idk I just love this picture | #VoteSamAndCat #KCA http://t.co/wFefLfUlRR,0
"#Vote1DUK #KCA

RT &amp; QUOTE to vote!

WE'RE LOSING BY 11K TO THE WANTED!
Last day! Vote!

11008",0
"""@INNA_ISA1: Back to sleep in a bit. Loading... 1.. 2.. 3.........""cnt even sleep",0
I want you... no secrets... no games.,0
RT @NegritoBandito: Going to bed. Today has been lame. Night,0
RT @lovatoftcamren: Jay Jay... Jay Jay the Jet Plane (that's me!),0
"So pumped for lee Brice!!
#LeeBriceCMU",0
"if you don't wanna talk, just tell me. ignoring me just makes me feel like shit.",1
RT @ethiopiangold_: @pinkksupreme nvm then nigga,1
"@adamlevine can you please help me get noticed

 http://t.co/uAMWPIQ87s",0
RT @aaronashab: Im so sad ;(,0
RT @lKeepItReaI: A man who doesn't like beer is a man who can't be trusted,0
Charizard a fucking hoe!!!!!!!!!,1
"Ted Cruz: Marxism, Leninism Reincarnated from Ash Heap of History in DNC Party Platform http://t.co/Nthtz72sv4 via @BreitbartNews #tlot #gop",0
I can't sleep and I'm hungry,0
RT @timritchie: Garden Island shipyards at sunrise http://t.co/HgtNZNJDix,0
"@JJ_Lenz13 , you must be sick...",0
RT @__dianers__: Stop making that face it makes me want to punch you in the fucking throat.,1
RT @hitocaesar: In the name of JeSUS CHRIST!!! Ameeeeewn!,0
"Infected with deception, destruction is my obsession â™¥",0
Guys suck always and forever,0
"I'm glad it's pouring raining, because this pollen needs to go.",0
"RT @vainxrry: ILL TOTALLY KILL SOMEONE IF WE DIDNT WIN THIS.

JUST KIDDING.

#Vote1DUK #KCA",0
"RT @ToriiiSaysss: Asks table if they need anything: ""No, we're fine. Thanks!"" *walks away* 1 minute later, Manager: ""TORI! Your table needsâ€¦",0
mfs be talking to me like they entitled,1
"RT @Planet_EXO: Inside of the EXO First Box.
V: knock knock http://t.co/31RhWwpXJj",0
"RT @5am0ra: This----&gt; ""@TrendKE Once upon a time in Manchester United http://t.co/tDA6PZosfx http://t.co/q1G1OZUdpy""",0
RT @AugustAlsina: â€œ@itsbreelovee: I FUCKING LOVE @AugustAlsina ğŸ˜­ just to clarify for y'all who don't knowğŸ˜©ğŸ˜ğŸ˜ğŸ˜ğŸ˜ğŸ˜ğŸ˜â€&lt; fuckin love u back,1
Hey @RoamingGnome - #iwannago to NYC or Ireland.,0
RT @Just_Naiya: K it's bed time lmao,0
Do you want to build a snowman,0
"$11.5 Rayban Sunglasses,75% Off,Free Shipping,http://t.co/gwgWLP3v13",0
RT @DJTatiMore: If You Have @shots Please Follow Me &amp; Like My Photos http://t.co/totyK89k1q #Shots @justinbieber @john,0
RT @Frankeeeyy_: when a earthquake happens http://t.co/u0Qr8Qz1Da,0
@likeholywine hey hon when are we partying together at the abbey,0
"ÎšÎ¿Ï… ÎºÎ¿Ï…! March 29, 2014 at 08:00AM, Athens, Greece.",0
RT @__datopic: I Need To Blow Some â­•ï¸â­•ï¸â­•ï¸'s #Heaven,0
What is a life if it's lost its meaning?,0
The boondocks is stupid funny ğŸ˜‚,1
RT @MyPainIsHonest: RT For Ass Fav For Boobs http://t.co/JkJzfUqGrZ,1
@jordancp2012 we can definitely scrap,0
RT @PaulEtienne: Y'all so ignant RT @CallMeTeaa_: Who did this ğŸ˜‚ğŸ˜‚ğŸ˜‚ğŸ˜‚ğŸ˜‚ http://t.co/oWNjmfT6AQ,0
Cleaning my house from top to bottom today,0
Everyone needs to stop the middle school bullshit!!! And get along like fuck!,1
"RT @DrewFranklinKSR: Please be wrong. ""@HLpublicsafety: #lexingtonpolicescanner: Someone in Louisville gear heading toward University. Mighâ€¦",0
I like @julieta_52 and @SebastianBoning ğŸ’˜ cutie patooties,0
RT @TBVines: White people https://t.co/9HlRPpK0vV,1
Wow I didn't see that one coming... Someone I thought was cute likes me back #holdup #IsThisRealLife,0
jennifer lawrence is nice and cool i look naked,0
RT @DarianaRicardez: @amoathewanted directioners #KCA #VoteTheWantedUK,0
@nainoavillegas can i unboiz myself for using the term unboiz,1
RT @BubblebamB: [PIC] Pre-debut Got7&amp;6Mix&amp;5live cr.fabjackson http://t.co/x749NBggnd,0
@MichelleVLovies hi can you Follow me back!? And give a Shoutout thanks.. #CongratulationsMichelleVito,0
RT @_lovekeishaa: I hate being bored .,0
Guess im going to prom at spaceneedleğŸ˜Š,0
OH YMG ID,0
@_briannaaaaaaa love u tooo,0
@PatFlynn @bizchixpodcast  - just had dinner with Entrepreneur Kids podcast and they loved meeting you! @hixsoncompany,0
"SHOUT OUT TO @DaBiebsCouch 

 #Vote1DUK #KCA http://t.co/QVdiWuudVz",0
I Wanna Call Oomf But Me And Sally Gotta Beat Our Time ğŸ˜¤ğŸ˜¤,0
DOWNLOAD @DADDYDJTWIZZO CASSIDY VS MEEK MILL MIXTAPE &gt; http://t.co/3ztw7E1xua,0
RT @Luke5SOS: Watching girlcode ğŸ’ƒ,0
Its okay to buy your entire album &amp; not share one right? #Selfish #AllMines #Testimony April 15 @AugustAlsina,0
"my ears are ringing 
UGHHHHH Y",0
I want a glazed donut #fat #theStruggle,0
Lets-Talk-Food: : Talking Turkey http://t.co/70bBKtzcn2,0
Usually I toot it and boot it but I had to hit that one more time ğŸ™ˆğŸ™ŠğŸ’¦ #DoubleDip,0
@Mr_Carterr follow me! Please! ğŸ˜ğŸ˜˜ğŸ˜­ğŸ™,0
Yes! I love it. ğŸ˜„,0
RT @ItsForTheBros: Fucking sloots. http://t.co/cg2OX5v4SP,1
RT @KimSooHyun_ID: ã€PHOTOã€‘ 140329 Kim Soo Hyun at Incheon Airport heading to Thailand (cr.tagged) #KSH #ê¹€ìˆ˜í˜„ http://t.co/coT078AtNs,0
RT @paigedam: today just wasn't cool,0
"RT @VelVelHoller: http://t.co/0sNR6auYrS 's new ""Spring Cleaning"" video featuring yours truly. Ur welcome. :) http://t.co/iyoQMszXSZ http:/â€¦",0
17 Diagrams That Will Help You Draw (Almost) Anything - beben-eleben: Corgis Swans Lips Legs Crazy Horses... http://t.co/SAuo7nxq0v,0
RT @onlyougeorge: i hear your heart cry for love #KCA #VoteTheWantedUK,0
"""@.vainxrry: 

#VoteUKDirectioners #KCA http://t.co/BUjgiV1nWj""",0
"RT @TheeOAB: â€œ@_TooBlunt: Q. 4: If you're fucking a girl raw, about to bust, and she holds you in so you can't pull out, what do you do?â€ ""â€¦",1
"RT @TheRealKiarra: I Don't Need You
I Don't Need You
I Don't Need You
But , I Want You ..",0
"Be the girl his ex girlfriend will hate, his mom will love, and that he will never forget.",1
â€œ@__futw: My sleeping schedule's completely fucked ğŸ˜•â€ğŸ™‡ğŸ™‡ I'm not tired at all.,1
"Success is not the key to happiness. Happiness is the key to success. If you love what you are doing, you will be successful.",0
I posted a new photo to Facebook http://t.co/1wy1GufGnQ,0
@Smallzz_17 bitch Ur dumb AF I didn't follow Josh to my area to fight &amp; then leave before I picked him up? Hmmm,1
"@coolhandschlute  I don't think she wants a racist Follower like you, anyway. @suey_park",0
@VOGUElRWIN its already 2 :(((( haha,0
not sayin y'all deserved the shake up but.... â€œ@LiciaAllDay: all that bragging and boasting about women weed and weather now look ğŸ˜â€,0
"@SBNamocats: New Twitter + back to old name, everyone go follow @SBZaziey and unfollow this Twitter! I'll be getting rid of this Twitter!",0
RT @rissa_babyyy18: Soooo bored,0
RT @EXOcastle: [VID] [CHI SUBS] EXO's First Box Set - Hongkong Time http://t.co/eFJgMBfkbe ~AC,0
RT @NotExplained: Another recent Tupac sighting at concert in New York. http://t.co/1I4vOrwspR,0
Made a lot of muffins http://t.co/yxzTTJRPr1,0
#Shit happens.. We all make mistakes..,1
I see that you don't have all yah eggs in one basket,0
Why so sad bossing? ğŸ˜ bernardokath agentyellow #kathrynbernardo #danielpadilla #kathniel #tagsforlikes http://t.co/id35Wcs3F3,0
RT @wichaphol000: @WWECenaAJ please follow @WeerachonP,0
IM GONNA START WATCHING FREE!,0
RT @Mr_Carterr: Who's tryna chill me and lives in coral springs or boca raton?,0
Had a great night with my girls.,0
"$31.3 Mickael kros bags,75% Off,Free Shipping,http://t.co/zR3H12hghe.",0
Successful night ğŸ‘Œ,0
RT @CaBoone37: If there aren't emojis I'd rather be talking on the phone.. ğŸ’¯ğŸ˜„,0
@LavishRay haha I know I thought so too but hey congrats on your company! that's a really cool thing you are doing donating the money ğŸ˜Š,0
#imeeting  iMeeting.vn is going to sign a contract with exclusive partner at Ha Noi,0
"RT @mikebickle: Bible teachers can inspire and point to green pastures of truth. But for truth to feed our heart, we must turn it into dialâ€¦",0
"â€œ@disneywords: The brave may not live forever, but the cautious do not live at all. â€“Eduard (Princess Diaries)â€",0
"Indirect to nash
The 7 things I h8 about u
your games
You're insecure
u love me, u like her
u make me laugh
u make me cry
u make me love u",0
"Im Already Dressed,
Thats How you Know i Can't Wait Two Leave Work http://t.co/JjBHV0cF4l",0
She outa there ğŸ˜´ http://t.co/e89jYGnAKS,0
Hailey Hailey she so cool,0
RT @FUCKtheBULLSHlT: Real friends get treated like family.,0
"They will leach on you for everything you have, including your joy and that they will drain out of you to satisfy there own emptiness #Fight",0
RT @CrissCabrera2: http://t.co/cLzO1hm5H8 Video: Destructed bullets 12 gauge. HD,0
"RT @ReactKardashian: ""you're the only girl I talk to"" http://t.co/CVj6QLvlk0",0
"RT @RETWEET_THlS_: ã€#RETWEETã€‘ FOLLOW ALL WHO #RT FOR 25+ FOLLOWERS!!
#TeamFollowBack âœ” #FollowTrick âœ” #AnotherFollowTrain âœ”

#FOLLOW ~â¤~â¤ @â€¦",0
UGHHH! i want to text her but i'm busy :(,0
Fresh clean sheets are the best,0
Breaking up is just like having a the worst nightmare after having the best dream. :&gt;,0
gothed out shawty,0
"RPMARUBA Update The Boss Drag War 2014 - Front Wheel Drive Final
1. Jorrick Rosel
2. Sandrick Wester",0
@PlNKY_PROMISES I like meet better than fish!,0
"""@teenageproverb: I wish my eyes could take photos.""",0
brother is the bestğŸ˜‚â™¥ï¸  @Zoayypeet,0
u juST DONT UNDER STAN D MEE http://t.co/3LmJsgetZU,0
@AlexAllTimeLow I just need you too see this dammit! Please I love you so much http://t.co/l4nkJlyxoQ,0
"WHEN BAE THROWS YOUR CONDOM OUT AND SAYS "" I WANNA FEEL YOU MY KING"" http://t.co/BILNTDR26W",0
"RT @Jonny09Jonny: 0 days until Dove Step! Let's crush this Sir @robert_yaxley @Goodrickx #DoveStep 

http://t.co/c9rS5Ws04l http://t.co/lIPâ€¦",0
@EZE2308 FOLLOW BACK PLS,0
RT @danny_boox3: I always give everyone chance after chance but once I reach a certain point and get tired of trying then I'm done,0
What a beautiful night! Ustaad Usama Canon gave an enlightening and inspiring talk and brother Lewisâ€¦ http://t.co/dUX3U3x4lm,0
@Reflex_sV I advanced you,0
RT @zxxmlndz: Channing Tatum ğŸ’ƒ,0
"RT @shiny_malik: #familycomplaints

mom: ""don't you look at me with those eyes""

oh I'm sorry this is the only pair i've got",0
"@5050Directioner || YOU'RE CUTE ğŸ’Ÿ

#VoteUKDirectioners #KCA",0
RT @Dragon_Phoenix_: I liked a @YouTube video from @blahblahlps http://t.co/0p1RvuWgEf Kingdom Hearts 358/2 Days - Part 15 - Day 74,0
"RT @PrepareSoCal: After an #earthquake stay off the phone unless it is an emergency. Phone lines often jam, and emergencies need to get thrâ€¦",0
RT @jathanivatomax: come on guys!!! RT if you hear at least one song of @thewanted everyday  RT RT RT RT RT RT RT RT  #KCA #VoteTheWantedUK,0
@loudmoutholeary I'm still salty about the dick suckage.,1
"RT @stylezmyhero: -same pose 
-same smile 
-same eyes

GEMMA IS THE FEMALE VERSION OF HARRY.

#Vote1DUK #KCAá…  http://t.co/43il6zDvhH",0
oh fuck,1
RT @holywords: The promises of God has no expiration date.,0
@jeff_johnson16 rd dad i got u,0
I miss my sister I must admit!,0
"I don't believe in all that talking, better show me.",0
I posted a new photo to Facebook http://t.co/qB9xbfUJ49,0
omg my knee is aching. ğŸ˜,0
I posted a new photo to Facebook http://t.co/Ue9cTjUAkg,0
"RT @ReaIatabIe: Yes, I've changed. Pain does that to people.",0
RT @greg_irvine: Miss Aberdeen wins Streaky Bay Cup for @TCBakos and Byron Cozamanis Jnr. @lil_spaino96 2nd on first day of riding aboard Oâ€¦,0
RT @davidlorr: so many thots on my mind,0
"no shoe-horned co-op, no microtransactions? wheee http://t.co/3qQhEvO7FP",0
"Every once in a while, try and shut up.",0
RT @hannah_caldwel: turn up http://t.co/7p5DNpSBPM,0
Fell asleep threw da game but I told yall Kentucky was gon win,0
Post it !!!!!! â¤ï¸â¤ï¸â¤ï¸â¤ï¸â¤ï¸ ..now? Yes NOW,0
I feel like someone is stalking my twitter rn.,0
Someone please sit on my ace,0
Cause HE doesn't want to.,0
"Scientists find bats can call dibs on their food, warn rival bats to stayÂ away http://t.co/3L1wVvOY5r",0
RT @Loofe33: I highly encourage everyone to get to the MW Musical HAIRSPRAY.  It is amazing! http://t.co/LN1VcR5FJc,0
I care,0
@__nataliesummer wanna drink?,0
RT @Preeti_Love22: I fucken love my girls!!! @ItsJustJaspreet @Laraibzarina @Ayyy_Jayj @Pali_dime @DaArabGirl,0
"I'm glad I met you, I hope you know that.",0
Who up I ain't even tired doe,0
Universal Studios with these cool people @ Universal Studios Hollywood http://t.co/aFjPCdlIVN,0
Where's the club paradise drizzy ?,0
What color socks are you wearing right now? â€” My feet are naked at the moment. :O http://t.co/zXo9jXeVgg,0
mandame un Whats App lmao ğŸ˜‚,0
Didn't feel the #earthquake in Costa Mesa. Feeling inadequate.,0
&amp; I'm suppose to be at the gym right now but I'm at work b/s ğŸ˜‚,0
RT @JennaaTso: when I'm 30 and married I will still have sleepovers with my best friend,0
RT @RealZachHunt: RT if your apart of the #magconfamily let's see how big this family really isğŸ’• http://t.co/pWvvGzhR1Q,0
"RT @thomas_Erv: @jakebergman03: ""I just want to live in a world where skinny girls can twerk just as nicely as fat girls.""@COXmania_2 last â€¦",0
"Fixing it... ""@ruchir89: wifi issues :( #barcampblr""",0
Hey @Boogie2988 Any strem tonight? :D,0
te amo #Pixect http://t.co/T9K8uo4T3L,0
RT @Byrdieeee_: Everybody is sleep. I'm dead bored ğŸ˜’,0
"@CloseupPH ""One week until Closeup Forever Summer!"" #CloseupForeverSummer 176",0
@_iffSpriggs yup 24 may be the move tonight lol,0
"Finally finished watching breaking bad. Might be the greatest tv show I've ever watched. If you haven't seen it, give it a shot",0
Happybirthday kak@ErnitaSari29 â™¥;;){},0
RT @TFy_97: RT @ekkaer: #openfollow just for kpopers :) help RT,0
I always miss my boyfriend the moment he leaves ğŸ˜,0
Fuck me http://t.co/6Q5HVAvCkj,0
Oh how I miss soccer,0
@NFUCountryside @EdibleGardenSho @allypally these were made by @FenitonFudge stand C12 - beautiful aren't they?,0
"Today stats: 2 followers, No unfollowers and followed one person via http://t.co/EZx5mereme",0
RT @nastia_tw: OH FUCK!!! #KCA #VoteTheWantedUK,1
"""@Kathyyserrano: Didn't see that one coming....""",0
"I no longer give a fuck, well, I do, but fuck it.",1
â€œ@ComedyOrTruth: When the test is over ğŸ˜‚ğŸ˜‚ http://t.co/4RDgejuKbFâ€ beyond accurate,0
"Senior #education Technology #consultant, Information Technology (Qatar): Carnegie Mellon #university, Doha. http://t.co/bjypKo9FL3",0
Keep calm and enjoy the weekend! :),0
I am not surprised @duane2762 @dryheat115 @dryheatV2,0
Always be positive http://t.co/TUlfk6snSE,0
#ViceGreetMePagMayTime @vicegandako,0
@destineereyes07 no why? What happened?,0
I'm at Kantin Realino http://t.co/03ReMsn2MH,0
"RT @BanaterangVice: Gaano kasupportive ang fans ni Julia Montes! How many retweets for Julia?

#MillionOfAngelsLovesJuliaMontes http://t.coâ€¦",0
Keep it on the low,0
RT @sadejordann: I just wanna stay to myself and clear my head from everything.,0
when did i follow him?,0
Inyong say hello korea! #miriplah (at KLM at Incheon International Airport (ICN)) [pic] â€” https://t.co/7pcW1Gh5Jx,0
RT @__alinaxo: I just wanna say you're mine you're mine,0
"He Said ""Lil Mama U Thick "" ğŸ‘ğŸ˜‚ Lemme Find Out",1
RT @jaycortezx: its always time to smoke,0
RT @queensmahone: HahağŸ˜ğŸ˜ğŸ˜‚â¤ï¸â¤ï¸ #KCA #VoteUKMahomies https://t.co/ErJWHKKWBF,0
@xoxaliciaa oooo girl it's happening â¤ï¸,0
RT @Mz_PrettyRed07: â€œ@CoolAhhNerra: Bra I shuda slid to Lehigh ğŸ˜©â€&lt;&lt;Yes bih goooooooooo see lmao,0
@Just_Call_MePUD yass I'm about to!,0
"Need money. Like forreal forreal, I'm tryna make moves",0
"RT @_thabang_m: ""Please"" &amp; ""Thank You"" go a long way.",0
"Can You Spare 5 Mins A Day...To Make $4,706.23 A 

Day?
http://t.co/OjXxy11MIZ",0
Zion funny as'f,0
"Hol Up Bitch , Hol Up Hoe ğŸ˜‚ğŸ˜‚ğŸ˜‚",1
Nobody knows I dream about it.,0
"RT @AYYSIAN: Once upon a time, 3 witches wished 3 wishes but which witch knows which witch wished which wish?",0
"James Cubitt &amp; Partners ""Consultants"" Careers &amp; Jobs 2014 - Alahad Group (Pvt) Ltd. http://t.co/0on0ylrci7",0
RT @ohhijeremy: even though my dog is blind he stills appreciates the view out the window ğŸ˜Š http://t.co/I5iqE97rT3,0
Uhhhhhhh dude where's my car?,0
"RT @iRealFrankOcean: I am not an option, I am a priority.",0
RT @iRosyLopez: I go from â˜º to ğŸ˜  in 2 seconds,0
@charles_nung @DonaldGlover @chancetherapper YES PLEASEğŸ™,0
RT @BBAnimals: 10 puppies!!! http://t.co/fXuHa8OeXb?,0
"A lot of the things we take forgranted: a hotshower, clean clothes, food, shelter.",0
Take a look at this! Linkedin Unveiled http://t.co/s1gpkI3DIw,0
@payamriazi damnright you will!,0
RT @lysssetteolivia: seriously http://t.co/fNWuOxoAmM,0
"""@Swager_JACker_: just so everyone knows, Ben and I are indeed a couple.""",0
When love is real... it finds a way.,0
"RT @daniellejamees: me: do you guys think im mean??
valeri: danielle your like a care bear and me and tessa are fucking devils.
ğŸ˜‚ğŸ˜‚ğŸ˜‚ğŸ˜­ğŸ˜­ğŸ˜­@prinâ€¦",1
@meekmall new shit,1
FT anybody ?,0
15K more guys ! lets take it #Vote1DUK #KCA,0
"RT @Alyssalove_3934: Had the best time at the mall! Cx â¤ğŸ˜˜ğŸ˜œğŸ˜‰ 
#KCA #VoteUKMahomies
#KCA #Voteselena",0
imma be sleep by the time she finish!,0
"#Grannysex,#Aunty,#Mature,#milf,#oma: Great Amateur #Blowjob http://t.co/tkEgKYJovd",0
"RT @collegefession: ""I have as much sex as i can before my period so the tampon will actually fit"" - Washington college",0
"Tried the good boy thing, but the dope boys be turnin me on",0
@obscnana y--yaah! /laughs.,0
have to be up early tomorrow but i dont mind cause its a three day weekend ğŸ‘ŒğŸ˜,0
"RT @JustTrueThought: I don'tğŸ˜¡ğŸ˜¤ğŸ”«ğŸ”ª play when it comes to:  

1. GodğŸ™   
2. My FamilyğŸ‘ª    
3. My MoneyğŸ’µ  
 4. My CrushğŸ˜ğŸ’   
5. My feelingsâ¤ğŸ˜ 
â€¦",0
Don't be so pathetic...,1
"Flying in the sky so high, yuhuu.. (with Dio M, Opal, and 4 others)",0
Love is taking a bullet threw the chest.,0
Seen my cousin Tina and Destin today! ğŸ˜˜ğŸ˜ Destin is so stinkin cute! That's my big baby! I love me some him! ğŸ˜,0
"RT @LawsOfSex: He lies. She cries. He's not sorry, but he apologizes. She complains, he doesn't change. But yet, she still stays.",0
"Party at Miguel's, wear something tight ğŸ˜",0
"@grapedrink We miss you, too. Now I'm going to pass out,  though, as our journey to Centralia happens in seven hours. &lt;3",0
HOW DO I EVEN HAVE FRIENDS (talking about a Sarah pic) http://t.co/31jiTgQAFm,0
"""@Kevin_michael01: Jodilly Get the best photograph in week 10.. She's Get 2 FCO..Congrats Jodi!!!
@jodigagaa http://t.co/9PaTUgE7Zz"" dying",0
My fav #joker #darkknight #heatheleger http://t.co/ECJGhw0SDN,0
@kelleyxxneven looking at the wildlife in my room http://t.co/UAKxDSorpd,0
"RT @OneTextFromYOU: Once you get your feelings involved, it gets real.",0
Can't nobody do ya like I did ya baby ğŸ˜Œ,0
"RT @ArcadeFiretube: 13 It's Never Over (Oh Orpheus)

#ViveLatino http://t.co/pcl7gXV37p",0
I liked a @YouTube video from @bajan_canadian http://t.co/IJcMlIIOky Minecraft: Modded Dinosaur Survival Let's Play w/Mitch! Ep. 13 -,0
"Another Saturday! It's March 29, 2014 at 03:00AM Have you signed up to Volunteer? @volunteeratstv",0
@Camden_Cash you have no proof!,0
@Nayalmalki  -A7bkğŸ˜â¤â¤-.,0
You are the creepiest human being.,0
RT @DopestThoughtss: when u turn ur light off and try to find ur bed http://t.co/7Z1Q3xopfE,0
@rundaddyFC thanks for the endorsement! The #ATL is alive and well -shows in the book.,0
RT @Amandaaajuliett: Just kidding im an idiot,0
RT @Perf_Asss: Fuck Up Shit Then Leave .,1
@jacobeam what yah up to? I can't wait for the weekend to get here #happydance,0
"RT @7thLetter2x: When ya main girl trippin and ya side girl send a ""Come thru"" text: http://t.co/xxZIq2RqXj",0
is 'conversate' really not a word...? my whole life has been a lie,0
RT @MeekMilllMMG: Sometimes I wish you were in my place just to know how I feel.,0
@hastr0 @TEC_INTENSITY always bet on the underdogs,0
Definitely getting no sleep tonight ğŸ˜©,0
@t___r___e___y yes you are ğŸ˜‹,0
"RT @rajeshkalra: An even better view as you near the top of village Timli. Ganga maiya looks great from any angle, any place! http://t.co/yâ€¦",0
RT @Mirrrraannda: @juliaashawtyy you make my heart not ache as much â¤ï¸,0
Where to go,0
@KearyDanford JUS SAW THAT PICTURE MISS YA POPS,0
@RManiaci2 don't you play with my heart.... I need this,0
how the heck am I supposed to fix these tan lines before prom? and we have like 4 more track meets before then that will make it even worse!,0
RT @vuhsace: This nigga barber gave him waves and beaches http://t.co/R8QpeSodNa,0
@Diamante_Life nigga talks for days,1
Psychologists believe our brain finds the simple things beautiful.,0
"Wind 0.0 mph ---. Barometer 30.07 in, Falling slowly. Temperature 45.3 Â°F. Rain today 0.00 in. Humidity 38%",0
@_LoveStaciee I sorry,0
"Mood Boosting Foods:
#DarkChocolate
#Avocado
#FattyFish
#SweetPotatoes
#Yogurt
#Bananas",0
Y'all no love me no more ?,0
"Love is when you find someone who didn't meet any of your standards. And yet you still say, finally I've found the right one.",0
I cried for the whole Believe Movie ! because he's perfect,0
"""@FarFrom_Rookie: @Teezymontanna my nigggaaaa snapped!""already",1
I just entered to win tickets to @cntrpntmusic from @ZippoEncore! You should enter too: http://t.co/S3iMn10smm,0
"@Taymastar what about a be a Code Save feature? But the code changes every time you use it. This would allow everyone to save, even Guests.",0
RT @CommonWhiteGrls: this could be us but ur not theo james http://t.co/kzij04KAoZ,0
Annika Albrite gets Every Last Drop http://t.co/ATZD9IYWBD,0
I liked a @YouTube video http://t.co/7xh30O9WNr Dortmund's Battle of the Buses! - Kehl vs Hofmann,0
RT @Raawkaal: @awkkss hold your breath,0
@TSmith334 I'm at hungry howies,0
My plans for spring break? ğŸ‘Š http://t.co/NN554GAEC7,0
"@lastfm Yo, what happened to the 'Paint it Black' feature? I've been away, but I can't stand being unable to escape default 'Headache Red'.",0
@ohhhraeee lmao I know. We had so many of them .,0
RT @omglifehack: There are two things you should never waste your time on: things that donâ€™t matter and people that think you donâ€™t matter.,0
@yourboyeddie I hope you have prime.,0
RT @BirthdayFreebie: Best wishes from BF Lucy Lawless: Lucy Lawless is 46 years old today. http://t.co/OFqMs84eiX,0
Its 11:00 wow,0
VIDEO: Noah criticised by religious groups http://t.co/Szfslw70qQ #entertainment,0
RT @WhatTheFFacts: The worlds 5th oldest tree was burnt down by a meth junkie.,0
@NiykeeHeaton your music puts me in the best mood :),0
Purple haze is my new fave. Too bad I probably won't come back here again,0
why am i dying to live when I'm living to die ?,0
RT @50cent: Boy you arch your eye brows you don't miss old 50 lol RT @janwizzle: I miss the old @50cent,0
"(#Dime_Landy) UVA vs. Michigan State: Score, Twitter Reaction and More from March Madness 2014: ... http://t.co/TZCw8dLQXc (#Dime_Landy)",0
RT @StevStiffler: 69% Is a D in school......Coincidence?,0
Make it last forever ğŸ‘Œ,0
ok goodnight im tired and annoyed bye!,0
now i realize what's the reason over seeing her...,0
RT @followback_707: RETWEET THIS IF YOU FOLLOW BACK 100% â™¥RETWEETâ™¥ONLYâ™¥IFâ™¥YOUâ™¥WANTâ™¥NEW 230+ â™¥FOLLOWERS RETWEET THIS IF YOU WANT NOW #SHOUTOâ€¦,0
@Logan_Gaydos HAHAHAHHAHAHA an then I couldn't hear u bc there was spittle in UR headphones ğŸ˜œ,1
I should've went with my sister ğŸ˜ğŸ˜,0
RT @ferrarezeba: We Own the Night #KCA #VoteTheWantedUK,0
RT @Michael5SOS: Setting an alarm for 2pm. NOBODY WAKE ME UP EVER,0
RT @UKAthletics: That just happened. #BBN #WeAreUK http://t.co/owZj0FLUUS,0
RT @gxldniall: one million nine hundred thousand five hundred and forty two #Vote1DUK #KCA,0
Go Follow The Bro @_StewartBoy24,0
Friends Time ^.^,0
Will be taking bets in about 2 hours,0
RT @ArianaaTwerking: #VoteSamAndCat #kca,0
RT @beapattyy: do not trust niggas that retweet booty all day,1
Waiting,0
Blinged Heart Home Button Sticker for iPhone http://t.co/jp3Yv7FunC,0
"But I keep
Your memory
You visit me in my sleep
My darling
Who knew",0
RT @Drakekinney: 10 retweets and I'll touch this mother fucker ğŸ˜‚ğŸ˜‚ğŸ˜‚ http://t.co/BO3kAqqucY,1
@__bkms ğŸ˜˜ğŸ˜©ğŸ˜ğŸ‘ğŸ’¯ thank you baby !!,0
"RT @__kaylalou: ğŸ˜‚ğŸ˜‚ https://t.co/P3Sd5Lhc5P"" idk why this remind me of you @CoolBeansJones",0
There's a ghetto bird just crusin around my neighborhood ğŸšğŸš¨ I guess I should be worried but I think I'm use to it,0
@Jorge_Guerra22 why not it's so cute,0
Squad Up if u talkin we ain't gone play Got my broski n he TOATIN boy know he don't play get da chop put em on his knees n let em pray,0
And when we be cuttin ha feet be in the ceiling fan.,0
"For the record twitter and Donna, I did wear underwear today....",0
"I found Royal Decree in The Tribez &amp; Castlez for #iPad. http://t.co/TfS4oUjGfO #ipadgames,#gameinsight",0
If I were you I would just hang up,0
When a really good friend treats someone she barely talks to better than you.,0
RT @from_exoplanet: Tao is so cute!! http://t.co/jqXjgBxfLH,0
Nothin make sense,0
Uhh I can only text you right now. Walking Dead is on. ğŸ˜³ lolol @stay_youthful,0
"Give me a second, I need to get my story straight my friends are in the bathroom getting higher then the empire State http://t.co/N0QDKslrX1",0
RT @jennieKIDD: We experienced an earthquake together too!,0
I keep on duckin keep on duckin but nothin helps,0
I love my nephew :) #nephew http://t.co/pTPeyO7BV5,0
"RT @ABEDATEAM: @1terryMOSS we found a move ASAP soon as you pulled off , pretty sure you did too tho âœŠâ€¼ï¸",0
RT @GIA_PIA_: Tall niggasğŸ™ŒğŸ˜,1
Hannah with Alana? I can't. I'm so done. But I can't wait for next Friday. #Hannibal,0
RT @WhennBoys: Ask me to prom like this and it's a go http://t.co/98fspnVl5k,0
RT @MLBFanCave: It's almost time. #OpeningDay http://t.co/cM1NK04TCK,0
RT @Luis_Amargos: Have u ever had a sexual dream about someone and woke up in love with them,0
"I've gathered 10 Scrolls! Can you do better? Download to find it out! http://t.co/ozW5jL6TTt #android,#androidgames,#gameinsight",0
Because.. Fuck you that's why.,1
@cayon_19 I am laughing so much right now at this http://t.co/RVwrw451eo,0
RT @miriahmcdaniel: @lilianlover @MosesElizabeth I love you 3,0
No excuses thouğŸ˜”,0
"Introduced a couple of old perverts to the dirty blurred lines video, may not be able to sleep in my living room again...",1
RT @KushCollier2: @Too_waveyy_mane with the fuckin sharpener in the back,1
RT @rameshsrivats: Netherland plays as if they are unaware they get 20 overs to bat.,0
"Today stats: 5 followers, One unfollower via http://t.co/5x0lLYzivg",0
Late night phone calls with the bae @Biz_Nasharr and @ANNE_duhig of course,0
@mpiercefiction Disturbingly comforting.,0
que es tw? â€” twitter v http://t.co/3V9LJUHkPQ,0
I need a massage.,0
body talks stfu,1
http://t.co/ti9N35bRev Current Weather - 57F Fog And Mist: Currently FOG and MIST and 57F. Winds from the SE at 4  mph. Relative humidity,0
"RT @RevoltTV: Watch the eclectic group @itsKultureShock party into the Magic Hour in their new video for ""Prom Night"" http://t.co/8tUzJp26zR",0
â€œ@ThatRebelQ: @Jaelax don't waste your time with himâ€lmao,0
"RT @Idgafeya: Rt for tbh :)

(  ) Macho
(  ) Pretty 
(  ) Cute 
(  ) Awesome 
(  ) Handsome
(  ) Sado 
(  ) Nice twitcon 
(  ) Followback",0
Sometimes I wonder,0
"Today stats: 5 followers, No unfollowers and followed 4 people via http://t.co/c4xincdbS3",0
Come watch @Lynn_3G1C  long quick scope nubs at http://t.co/sN0LLggBNj @3G1Channel #RT,0
"â€œ@iChaningTatum: Don't give up just because things are hard..â€ Oh nahh it's gone past hard, you try sticking around after constant bullshit",1
"Never lie to the person you love, because it's not worth it and they don't deserve it.",0
RT @paul_trembath: #FightForYashika Stop this sixth form student being deported alone. She deserves a future! #petition https://t.co/6sBpuVâ€¦,0
CAN Disagrees With The Establishment Of Grazing Reserves For Fulani Herdmen http://t.co/dLXy0OBilk,0
asjhdj #KCA #VoteTheWantedUK,0
RT @AllWestEvryThng: James Fauntleroy- â€˜Children Of The Loveâ€™ | http://t.co/s41bxz9ers http://t.co/92n0eoueNk,0
Sent my prayers to drivers as t's passed tonight since I have no where far to spend my nights #child #latenightT #GoodluckBoston,0
"RT @vibecatcher: @Elaijila MY DARLING, WHO KNEW???????",0
Lanjiao ! No water supply again -.-,0
"RT @LahnerBomb18: Wait a couple months and you gon' see, you'll find nobody better than me.",0
#ojeu #award Milton Keynes:'Hi-Tech Flooring Limited' â‚¬519k Floor laying and covering woâ€¦ FLOORING FIT/PUR/OJEU/2013. http://t.co/RXYBr0onsz,0
She really just went there.,0
Teachers training!!,0
@23RAWEVANS ball out tomorrow fam!!,0
@duplantiss alri salty,0
RT @chefkenna: #lyfeisdope my girl @_BIGSUE killing her set w/ @nateboogie  on the mic http://t.co/R4GJG8klae,0
RT @AJones_20_: ğŸ˜‚ğŸ˜‚ğŸ˜‚ğŸ˜‚ğŸ’¯ğŸ’¯ â€œ@Jam_Prone: Ankles will be put to the test in that uconn MSU gameâ€,0
@GlenWarren_3 ğŸ˜‚ she was all over you,1
I'm so jealous of Tays swaggin retainer http://t.co/yx2GhVDHSw,0
"I was looking forward to sleeping in my own bed tonight, and then I come home to this. ğŸ˜’ğŸ˜Œ http://t.co/xQ8WaqCA3W",0
@downlinkmusic melted me into a whole new dimension. #holyfuck #bostonhasbeendestroyed,1
Im jst bwt to take my ass to bed,1
@memeseok @krischainz i deleted it already but yes,0
posted a new blog post How to Solve Constipation from Fibromylagia Medications All of us struggle with it,0
"Mother of the Groom Dance With Cynthia Brown and Lenton Lucas March 22, 2014: http://t.co/V1fFJLccDw via @YouTube",0
@wizkhalifa is AWESOmE,0
"â€œ@B_Girlfrand: ""@DaraLGreen: My bday is the week before exam week. ğŸ˜""what you gone doâ€ nothing lol",0
We the two live crew.,0
â€œ@kristinh0pe: spring break was flawless in every way.â€ No freaking kidding! Best Spring Break yet ğŸ™ŒğŸ™ŒğŸ™Œ,0
@Taycation bitch you better,1
RT @yongjunmi: eman is the most mention one makes sense cause dia merepek je kerja then shu then azie then aina then jonari? HAAHAHA http:/â€¦,0
RT @dannyworsnop: #fuckyouradke haha that asshole. http://t.co/AAWoIWAnpm,0
RT @HCCAlcantara: #DescribeYourCrushIn3Words Ashton Fletcher Irwin,0
"RT @EmmaStyles86 As she reads the fart tweet, she farts. 
Lmfao love this girl. FART ROBOT APPROVES.",0
Just experienced a 5.3 earthquake tonight. #ThatsAFirst #CaliBound,0
Definitely going to wear clothes to bed tonight just in case there's another earthquake in the middle of the night,0
And I have the bestest friend ever.. #sweetheartofeternity #myheartbeat #adunayemi http://t.co/JgRAsqJS9v,0
"I have completed the Fortify the defens... quest in The Tribez &amp; Castlez for #iPhone. http://t.co/hBOtDX43WS #iphonegames,#gameinsight",0
@reyernwong no!? What text!!!,0
RT @TopRetweetMax: â¡ï¸ RETWEET â¡ï¸ ONLY â¡ï¸ IF â¡ï¸ YOU â¡ï¸ FOLLOW â¡ï¸ BACK â¡ï¸ #RT2GAIN (@TopRetweetMax) 84.1,0
"William stryker....

Antagonis yang muncul di Xmen 2,3 , xmen origin wolverine part 1. Dan xmen the dayâ€¦ [pic] â€” https://t.co/Dw7heR6Now",0
@Khing_Osh we're looking at y'all. http://t.co/sr1PIrAIxf,0
@stoned_ishimaru I CANT DO THIS,0
"RT @Castillionism: 19 Letters
Starting with ""F"" ending with ""e""
But a world of difference,

1X1 - Flowers for Your Grave

to

6X23 - For Beâ€¦",0
@DdddrunkOnTW yup let try and win #KCA #VoteTheWantedUK,0
Something bout his ğŸ’¸ğŸ’µ make a nigga handsome ğŸ˜»ğŸ˜,1
Instant death when I hit the couch.,0
@RussellTpot @nonprophetess Yay we ended in an agreement :D there are good atheists out there :),0
@Logic301 i can't wait dude I'm waiting for this sick album. It's gonna be intense,0
"TONIGHT!!!!

There's nothing IMPOSSIBLE to be FUNTASCLIQUE! this Saturday !

CLIQUE! &amp;â€¦ (at @umbrajakarta) [pic] â€” https://t.co/jMyqroYSiC",0
@LyndanetteL omfg this tweet by you is crazy http://t.co/mwzzBm0QbX,0
@joeCoolieo just do IT,0
"I'm so done I'm even done saying ""I'm done"" because we all know I'm not.",1
RT @SuicideLisa: I'm sleeppy but can't sleep :-(,0
RT @fenixknight06: Go away! http://t.co/OGj05HQwWm,0
RT @fenixknight06: Go away! http://t.co/OGj05HQwWm,0
I just wanna hit and run like I don't got insurance,0
Partying with the islanders no biggie just livin,0
This is my first time not wearing a @FREAKSTEP shirt or sweatshirt out in a while ğŸ˜³ğŸ˜‚ buku shirt tonightt,0
#VoteSamAndCat #KCA THREE,0
"RT @iChaningTatum: Don't judge me. You can't handle half of what I've dealt with. There's a reason I do the things I do, there's a reason Iâ€¦",0
"Help us raise funds for Philippines: http://t.co/QH3g6x71a6 #charity #Philippines March 29, 2014 at 02:00AM #Montreal #humanitaire #cul...",0
"May Allah accept all our good deeds, and help us stay clear away from the bad.",0
"â€œ@LovePhrase: I'm not upset that you lied to me. I'm upset because from now on, I can't trust you.â€",0
RT @OTF_ELMO: whole squad got da 30 clip if i see a opp boii he betta dip we in da field this aint a movie clip me n bro goin blow a zip!!!â€¦,0
RT @ViitaliyGEE: If rollerblading was cooler that would for sure be my primary mode of transportation,0
"When doesnâ€™t Taco Bell sound bomb?

Never",0
Sooooo full of pasta right now.,0
"RT @EsaaDanyy: #FOLLOWTRICK    

â rt this
â follow me 
â follow everyone who rts
â follow everyone back
â gain

FAV of you want to be follâ€¦",0
I just gained 0 new followers using this awesome #iPhone #app @twigrow:http://t.co/Z9rS09L9z2,0
RT @twfanmilyk: VOTEN!!1   #KCA #VoteTheWantedUK,0
RT @latimes: #GetReadyLA &gt; Strap bookshelves and other heavy furniture that could fall http://t.co/O4LGuP1G2l #Earthquake #Safety,0
RT @Celebrities_Van: @TheRefineryVan @SIPLoungeVan â¤ï¸ you guys!,0
Photo: overwhelming-euphoria: hardstylegeneration: motherlandofedm: dailyedm: hahaha troll post but this is... http://t.co/2fPWr9a8Z8,0
RT @oliviapierce28: Hah not like I cared anywaysğŸ‘,0
RT @JohannaCaylen: We've been on omegle for like 3 hours,0
RT @DJTayJames: We dem boyz http://t.co/QnhBzhnU0H,0
â€œ@Christinaaaa95: so cute so cute http://t.co/KuVYKNMqrWâ€ do you think you're funny?,0
dreams come true XD Ill show youshow me how you burlesque and Expressomg Thanx my nice friends,0
"#DIIME_LOCO Lakers vs. Timberwolves 3/28/14: Video Highlights and Recap: 
The Minnesota Timberwolves looked to... http://t.co/4m4lj3PGCI",0
RT @MCRYlNG: DON'T NEED MAKEUP #Vote1DUK #KCA,0
I got Purple - What color are you? http://t.co/ICYBwytxwu,0
Chris Nolan built massive Spaceship interior sets for Interstellar rather than using ... http://t.co/Uxxwf0al32 http://t.co/0UZ6VIziOJ,0
"$26.9 Longchamp bags,75% Off,Free Shipping,http://t.co/vCByOneKWF.",0
"As with all works of fiction, some are always gonna prefer the book over the movie adaptation. #Noah is no different i guess. @rickygervais",0
â€œ@maryymaryy: I miss stef ğŸ˜¢ #mymainâ€ aw ilysm,0
@JettLife_801 THAT HAS NOTHING TO DO WITH IT ğŸ˜©ğŸ˜©ğŸ˜©,0
"@nunogomez16 lmfao you gotta read this, its awesome http://t.co/nKIhy0dvCq",0
RT @FUCKtheBULLSHlT: Real friends get treated like family.,0
RT @kilimanispeaks: Who's here? @hcmo1 @Zahra_Tweets @kilimanispeaks @kuwaurbanspaces  #keepkiliclean http://t.co/xe6oVUnPKq,0
"#DescribeYourCrushIn3Words 
-these
-perfect
-boys http://t.co/GVXlCIfDEd",0
Stepped out tonightğŸ˜¼ http://t.co/q6S7uqb7IA,0
Finna fight this medicine until 2 so I can visit my lil man..,0
"My legs don't wanna stop moving &amp; my ears are ringing, just great",0
Is this the solution to advertising on gaming apps? http://t.co/rbMpHOwV2d (via @ArjunKharpal),0
"Soberly eating Taco Bell at two am. Also, not sure what it says about me that my phone automatically capitalizes Taco Bell...",0
Drunk On Love #KCA #VoteTheWantedUK,0
If you are getting my snaps of me and @jessemills23 I'm sorry,0
Like how does that even come about? OMG my team just won time to burn my house down out of excitement!,0
Why are there so many people queuing for the train &gt;.&lt;,0
gonna be so tired in the am,0
I'm just like whyyyyyy,0
IM TWEETING N RESPONDING N RETWEETING ALL TWEETS.. SO BE READY. IM TWEETING MYSELF TO SLEEP ğŸ˜´ğŸ˜´ğŸ˜´ğŸ˜´,0
Shit cho ass up,1
lmfaoooooooo . add my facebook trevon brown,0
and i saw a performance of to kill a mockingbird tonight so like that didnt help my rage i just hate people a lot,0
Sometimes what you don't say can make the deepest cut. #MarilynMonroeID,0
CANNONS TURN UP O'CLOCK #justusandmanhattancollege @malinatweetstar @michelle_vogt,0
RT @midnite_panda: i just want to live in atlanta,0
"RT @HateOnItBruhh: What'd you expect from me? It's not my fault, you'll never be happy.",0
"@seanybabes @harleydontsurf there could only be one famous ""Harley""",0
@Chiraq_Shawn Lol we good bruh,0
RT @LollyyJuliee: Mention maybe? *bored,0
Video di kneel_for_hiddleston http://t.co/h7pTyo29ME,0
RT @CarlDiamonds: Today was awful Bob.,0
"RT @ana_claramacena: ""@demilovatobr: @DJDREW1027 @1027KIISFM Please play Neon Lights by @ddlovato!! #FanArmy #Lovatics #iHeartAwards""",0
"My brother is finally home, that little fuckerrr",1
she hit me up one night and now it's over? what lol,0
RT @ohsogirIquotes: I get jealous because I'm afraid someone is going to make you happier than I do,0
Chillin' in bed with @nakednuggetz ğŸ˜ http://t.co/jVWOeG53Lq,0
"Laura, i swear, you need a hug ğŸ‘ğŸ˜“@_LiveLoveLaura",0
RT @LustfulBabes: God ğŸ™Œâ¤ï¸ğŸ˜ğŸ‘Œ http://t.co/mCWIx9V01X,0
Angry Birds Rio Game: Ultimate Edition http://t.co/CYnd94L6P2,0
"""Enters the room"" [Text:Say it.] I'm sorry. If I had known it was that bad...I had no idea that Bones would make something that awful.",0
RT @ExuberantDancer: @WWECenaAJ18 @WWECenaAJ no prob. I do now,0
dozens of people followed me // automatically checked by http://t.co/2IgVmzhrtQ,0
lemme sit this ass on ya,1
I just need one more follower,0
RT @Guy_Selfie: Submit your selfies at http://t.co/8aF10W0gHb  Visit http://t.co/JizdJNwg7b for more sexy #GuySelfie http://t.co/woJkfb6gBQ,0
@nurhamizahhhhh @haikalnadzri and this conversation is stop here...,0
@TTKR96 tmr i'm coming tho. Or are you working?,0
This night is the night which we will meet us.,0
Like this :) â™« Come Back Home by 2NE1 â€” https://t.co/xlRbXFU3Rb,0
@jesusfr99 lol this was made by you? http://t.co/XtiIFpI3Hh,0
I want a milkshake from what a burgerğŸ¦ğŸ¶,0
29â™¥ u_u,0
I'm bout to be out in a few,0
Gross,0
Natural Uniforms Contrast Trim Scrub Top and Pant Set http://t.co/hmLElconJ1,0
"RT @TickleMe_Desx3: My grandparents fist fought, like cats and dogs. But somehow always found a million reasons to stay together",0
I have a wide face with manly features. Oh well. I pull off ugly better than any other ugly person outâ€¦ http://t.co/ekD4Tz7OQ5,0
RT @korinnebeac: Happy birthday to my seatmate in St. Crispin @AudreyChing! Stay beautiful and humble! Miss you and your awesome penmanshipâ€¦,0
Lex was the place to be tonight! #BBN,0
RT @nxfxrtiti: wishing I had a boo to comfort me rnğŸ˜”,0
"Love is more kinds, but what is very safe and a eternal is love which come from the door of sweetheart",0
"@Inspire_Us the best blood, at times, will get into a mosquito.",0
"RT @1dlovincanuck: IF YOU REMEMBER WHAT HAPPENED HERE THEN YOU'VE BEEN HERE A WHILE 

#Vote1DUK #KCA http://t.co/Q4ymwiWh7D",0
"RT @sakumama1213: RT @CuteEmergency   
silly dog y u do this? http://t.co/f6g3AsYpJU",0
"@LONDONMISTHARRY haha not really it's kinda scary, but i'm getting used to it",0
RT @RackedUp_Rick: I could weak up anywhere on earth and not care as long as I woke up next to #oomf,0
MY CRUSH HUGGED ME YESTERDAY WHAT A FUCKING CUTIE,1
shy ronnie #KCA #VoteTheWantedUK,0
RT @TheFunBird: Light travels faster than sound. This is why some people appear bright until you hear them speak.,0
Things changed a lot this year,0
"RT @RanealTheFakest: Teacher: ""You're 20 minutes late""

Me: http://t.co/vYPNPtcVYr",0
RT @alka_sultzer: has me speechless http://t.co/dynb7REZgq,0
"To go or not to go, that is the question........",0
he's no item. please don't like him. he don't wife him. he one nights em ğŸ¶,0
22 people followed me and 7 people unfollowed me // automatically checked by http://t.co/tjkqrBa4G6,0
RT @MadHattaSays: â€œOkay everyone hold.... HOLD... We will slide down and all attack at once!â€œ - Ice cubes in the bottom of a cup.,0
@_bobbirae I walked in somewhere and she stared talking about me then I wen somewhere with 2 guys (friends) and this guy said going for a,0
@Colethewolf it looks amazing. Always cry at that first trailer that was released. But I need them to get rid of quicksilvers ugly ass look,1
Tevez â€˜didnâ€™t expect decisivenessâ€™    http://t.co/grr2pyjGfl,0
@bobmarleycomedy I think the best thing to do in that situation is forget it ever happened lol,0
RT @toristuht: Well we found a case in which the show doesn't go on,0
My Nose Running Can You Catch It ? â€œ@ImariFree: Do asssssssssskRT @LiaRashay: Don't Ask No Questionssssâ€,0
RT @NylonCherie: #wolford #nylon #toes #feetfetish #legs #collants .... ğŸ’‹ğŸ’‹ğŸ’‹Kisses to all of you http://t.co/BpOfNkUNTf,0
@ItzImpulse HAHAHA you loser omg,0
Improve your Web site &amp; increase your profits with Web Apps by @nyndesigns http://t.co/ZtIt6fSleN,0
Now that I have a job I would so Love it if Iration came back to Cali to perform !!!,0
RT @medaFirstPains: I text you. You don't text back. I feel stupid.,0
@5Mr7Monahan0 If you are in Ku tomorrow stop over,0
@TusharG this is the language u use. And cry when someone pays u pack in same coin. Cheap upbringing shows,0
Sad kitty. ğŸ˜­ğŸ±âŒ#mileycyrus #mileycat #sadkitty #wreckingball http://t.co/ulhnTSSmeJ,0
Yo TO was live af! Great job to all the classes! ğŸ’œ,0
"RT @LovePhrase: I'm not upset that you lied to me. I'm upset because from now on, I can't trust you.",0
"â€œ@OfficialTedSays: I'm not anti-social, i just hate most people.â€",1
Mom &amp; me! Thanks atlasshrugged09 for the pic! http://t.co/erVVphS1GP,0
@karismiile I miss youuuuuu :(,0
@dalton_dodge @Falcon4Ever22 thanks for the invite ğŸ˜¢,0
@latimore55 man I could be a teacher,0
RT @_DavidLedezma: What if the government has control of the tectonic plates ...,0
"""@Funny_Truth: Do you know your ABC's? Cause I wanna give you the 4th letter of the alphabet."" HAHAHAHAHAHAHAHAHAHAHA",0
Baltic States Tackle Defense Spending After Crimea Takeover http://t.co/y2cdYMCiQp,0
Im gonna beat the shit out of you when Im bac,1
RT @selejournals: as musicas da bridgit mendler &gt;&gt;&gt;&gt;&gt;&gt;&gt;&gt;&gt;&gt;,0
Complete suede dye on the XX1's for a local customer. 1/3 No filter #soleclinics #soleclinicsalaskaâ€¦ http://t.co/bXZMvZXhAI,0
"t's sweet when someone knows every single detail about you. Not because you constantly remind them, but because they pay attention.",0
Missing her ğŸ˜¢,0
"RT @beyoncemalik1D: â€œ@mozarellazarry: â€œ@narryching: ""@narrylush: @banneanadiaries @sassdacraic last minute voting power #hellyea #Vote1DUK â€¦",0
"Slowly getting my shot and awareness back, re-realizing that my play style is completely different from how almost everyone plays.",0
RT @itsboyschapter: when bae won't text u back http://t.co/MQ8n2aQhga,0
"""Im going to send you a pic of how your boobs will look like when you get older"" l",1
Literally have to race my kitty up the stairs just to get to my bedroom first so he doesn't bother me all night,0
"RT @FemaIeThings: If your girlfriend doesn't like that bitch, you don't talk to that bitch.",1
"RT @ImNiallsMichael: HOT NIALL WILL BE THE DEATH OF ME!!!

#Vote1DUK #KCA http://t.co/nX4VeQYA2K",0
I need a nightstand...,0
"RT @AquariusUnite: #Aquarius look for symbols or signs, and read between the lines in almost every situation.",0
"""@MyraBaharin: I miss them.""u miss me?  Omaigod! Hahaha xD",0
"RT @SpongeBobGetsIt: #ManCrushMonday Octavius Rex aka Long, Tan &amp; Handsome http://t.co/RtMBYRaMVg",0
Hi I'm Sequoia and I'm bored ğŸ˜›ğŸ‘¸ğŸ™† http://t.co/HohMRnOMC8,0
RT @FAFAZECK: I don't chase. I replace.,0
"@emmaleeenaa and I got fiona bc im ugly, like fiona....",0
Kumnandi ukwenza your own thing ... Having people take over yout business should never be an option.,0
RT @febee01: @PelpapSulut @jacksonkumaat  .... #pentacostalyouthconference .... ;) http://t.co/o29l0zq28G,0
philiphine time,0
"RT @PaulaUniverse: Viernes con V de 

Vota por The Wanted !
#KCA #VoteTheWantedUK",0
Fuck NiggA is the shit I don't like,1
@kassidyy_1 @lutman_courtney  How could I not?!,0
@katesustick I'm lol'n so much right now at this http://t.co/CgIjWlswFl,0
TRUE fan of Green Day who has actually heard of 1039 Smoothed Out Slappy Hours and Kerplunk. Not only knows the... http://t.co/ufBvCx4l2m,0
Coolin' with @DanielDannieel and @bryan_bino69,0
HEY MISTERRRRRRRRRRR R R R R R R,0
Snowing in NYCâ€¦ I love it @TheyAllHateUs http://t.co/euTRSipB5K,0
Thank goodness this paper is almost done!,0
"In life you are either a passenger or a pilot, it's your choice.",0
middle-earth-and-westeros: If youâ€™re going to stab someone you have to either say â€œI am no man.â€ or â€œThe... http://t.co/JDDeBAGCqS,0
I just checked who unfollowed me today on http://t.co/7ToSDkNY48 app,0
RT @ABOfftheRecord: @CadeBray2 thanks for the follow! Congrats on making the @BloomerTrailers Team! Can't wait to interview you soon:),0
"RT @FUCKlNG_PERFECT: I always find shit out. I might not say it right away, but I know.",1
@TheRealGrimmie LOL yah at first i thought u were sugar high or something haha,0
RT @GirlfriendNotes: Always be there for the person who is always there for you.,0
RT @TheLifeDiaries: My best friend's problems are my problems.,0
Who was the guy that asked for donations to go to a con?,0
"RT @Crypt0Genesis: #vircurex isnt the same. Ever since the insolvency problem and bitcoin, litecoin withdrawal issue the volumes have driedâ€¦",0
@Gordondon Thanks @bookshopgirl212 @filmbuffbaker @spclark14 @TGP73 @VoxPopple @MibIH @beckygracelea,0
"RT @ALhaDlaNi: Act the way Prophet
Mohammed did, and
that's a life worth
living, once you know
him
more than you
did at first then you
can â€¦",0
RT @Dear_maryjane: Niggas only act right with the ones they want,1
"RT @FRIENDSHlP: Stay strong, make them wonder how you're still smiling.",0
@Nillabeanshawni literally the moment you lay down! I thought I was trippin!!! I know ima have more but I feel you it is not easy!,0
RT @SYLoveTY: Soshi to perform at lee sooman's high school(kyungbok high school)? date unknown #ì†Œë…€ì‹œëŒ€ #ì†Œë…€ì‹œëŒ€ë¯¸ìŠ¤í„°ë¯¸ìŠ¤í„° cr: KSYeon_125 http://t.coâ€¦,0
"""@KevinSM0_: Tf why you fav all my tweets for lol"" cus i can",0
We are laying on the tramp and it's freezing http://t.co/0TekMqYDVs,0
"Finally!!! :"""""") Treasure~! â¤â¤â¤ #DORINEBESTDAYEVER #DORINEFANSDAY http://t.co/8x4F6RkWST",0
@WhosPromo can you follow me trying to get to 1k..ğŸ˜…Also..Bro can you give me a shout? I would like to get to 1k Followers before April 3,0
"RT @Karol_en_Red: It reminds of a #KuKluxKlan meeting, but it's only Venezuela_s bourgeoisie setting out to burn a public forest. http://t.â€¦",0
RT @Faith_F1rsT: Real shit ğŸ‘ŒğŸ™ğŸ’¯ https://t.co/32Ps5Y3dwy,0
RT @tbfhkyungsoo: @baekkons odg this kid so wierd lmao i m still in my comforter cause this fuck stomach ache hby bae ?,1
Just realized I forgot my bottle of wine at my grandmasğŸ˜¡,0
"never get tired of doing little things for others.....

sometimes those little things occupy the biggest part of their heart! &lt;3",0
Penn State womenâ€™s volleyball: U.S. Senate honors Nittany Lions: Penn State will be honored by a resolution fr... http://t.co/sw5cfsf1gj,0
RT @GirlfriendNotes: Always be there for the person who is always there for you.,0
RT @mAlmarode: Who's up,0
#DescribeYourCrushIn3Words fictional character movie,0
RT @eddielack: Someone did a great job updating Wikipedia! http://t.co/PN3oQfiDCP,0
@jennnuhfur_ @KuyaYambao you were complaining some dude was following you tonight ! LOL,0
"RT @Real_BabyLux: For 25% off anything from http://t.co/tavYS6DHcZ use code ONED25 
*Expires tomorrow* http://t.co/TJ4PDc6XPh",0
I feel like I have no one I'm close to anymore ğŸ˜’,0
RT @_alllibabby: @MontanaDraper11 keep your head upğŸ’šâ¤ï¸ğŸ’›ğŸ’—,0
RT @Matthew_Schroer: If you are getting my snaps of me and @jessemills23 I'm sorry,0
She delusional ğŸ˜‚ğŸ˜‚ğŸ˜‚,0
Done from detention!ğŸ™ŒğŸ’ƒ,0
My bitch so ugly wit her lil fine ass,1
â€œ@_HeavyyD: So much on my mindâ€,0
might as well since it's trending lol,0
Finishing in iMovie then uploading. I can barely keep my eyes open. Guaranteed I'm asleep before the upload is done. ğŸ˜´,0
Didn't get it,0
Niggas be wantin a new bitch ğŸ™‹jus to say they got one knowin damn we'll they ain't got the spaceğŸš€ or time âŒšï¸for 1,1
"@HayleyOuellette LOL you got 2 read this, its crazy http://t.co/7H4ThOV66a",0
@38squeen_ me too but it's the ğŸ’¸ğŸ’¸,0
I won't tell you I got 'less I can show you it. I'm not gunna tell you about it until I go through it.,0
Spring break finally ğŸ™ŒğŸ™,0
"RT @Jarelchiaa: ""@AyoPotter: If only http://t.co/iPCaaL4uLn""",0
RT @Lexxieexo: I laugh at stuff that isn't even funny . ğŸ˜‚ğŸ˜¶ğŸ‘€ğŸ˜‚,0
RT @FitspirationaI: sore body today = strong body tomorrow.,0
I don't know if I should take some medicine or not  Because I cant sleep but I want to,0
I'm in the party looking at everybody like ğŸ˜’,0
"Crocs Cobbler. A rugged twist on our classic clog, the Crocs Cobbler Clog has a buffed...http://t.co/kxV5PMJG8b",0
"RT @AdotSuperstar: #nowplaying ""Thumbs Down"" prod. by @skmusic another one of my favs.",0
"Well @McDonalds, this is what I opened up my double cheeseburger wrapper to... #notjoking #wouldyoueatit?",0
I'm sensing that Figgins and Kennedy got into some big fight at some point when they played together.,0
Damn I wish I was jade right now! ğŸ˜•,0
Time to sleep ğŸ’¤ğŸ’¤,0
hes always talking and hes always loud and its like aw w w w w w  ur s o c ut e,0
I don't wanna by myself. It seems wrong,0
@oppareu thanks:),0
I liked a @YouTube video from @adayinour_life http://t.co/gWftQd7rTL REACTING TO HORRIBLE SINGING || Sofia,0
I'm going to wear my toco socks today ğŸ˜,0
"I was told that I am mean by 3 people today, SO fuck you all",1
I need the darkness someone please cut the lights #Sprawl #ArcadeFire #LloroComoEmo  #ViveCocaTV,0
"RT @Harry_Styles: ""She had no hair but blue beads. Just a head of blue beads.""",0
â€œ@Barba_Alexis: I'M GOING TO PROMâ€ w me ğŸ˜ğŸ’,0
@Susieedarling Whats your number?,0
@Serranoantraxx what inning did you guys end up going to?,0
"The way my body is so sore, even have a stiff neck â˜¹",0
"Guys, Berber is 49% Cambodian ğŸ˜‚ğŸ˜‚ğŸ˜‚ğŸ’",0
Thailand Up Rising #thaiuprising #fightforthailand #reformthecountry #restartthailand #antishinawatâ€¦ http://t.co/2w7cPBAdHB,0
RT @b_gawd: @ChilllTFOut  but I apologized ğŸ˜­,0
Made #KCA #VoteTheWantedUK,0
My braces are back to zero. -_-,0
Its probably funnier to me then other people though,0
"RT @OneTextFromYOU: Once you get your feelings involved, it gets real.",0
RT @colIarfull: THIS DOES NOT MAKE SENSE THAT IS ONE DIRECTION http://t.co/10vXldXbYm,0
@AdrianGGarfias you told me you ate someone's booty bro,1
RT @crystalchavis: you don't owe anyone an explanation for taking care of yourself,0
"Ash, it worries me that you don't think to do something so simple lol ~ Firefly http://t.co/9v7GKMi9oZ",0
RT @nickyurbz: The last people you expect are the first to let you down,0
#KCA #VoteTheWantedUK,0
Girls sorry to say but if ur waiting for a text &amp;&amp; it's been more then 3 hours don't bother waiting just text me I'll make you smile n lol(:,0
Photo: 29 | Manay Pispita! ğŸ˜‰ğŸ˜ŠğŸ’•ğŸ’—ğŸ’‹#100happydays (at xx) http://t.co/LSwCvs0ut4,0
It was a good night with tha tru homies @baller11allday @KPethoud and @taylorhedrick love y'all true niggahs ğŸ‘ŒğŸ™ˆğŸ˜ #KeepingItClassy,1
RT @geehanzz: rt for tbh,0
"RT @Malikarmyoffic: Hey @luke5sos
I know it's not gonna work 
But if this gets 1000+ rts 
Would you follow me?
It means the world
Ilysm ğŸŒ»ğŸŒ",0
"RT @baylee_sproles: â€œ@simplydess__: Goodbye pictures, texts, and letters. GOODBYE MARK. ğŸ˜ğŸ‘‹ğŸ‘‹ğŸ‘‹ğŸ‘‹â€ YAAAAAASSSSSSğŸ‘ğŸ‘ğŸ‘ğŸ‘ğŸ‘ ON TO THA NEXT ONE ğŸ˜ğŸ‘Œ",0
Taking off your skinny jeans after 14 hours is probably one of the greatest feelings in the world,0
@SimpsonSlayed THIS IS REALLY FUNNY,0
â€œ@eisenbxrg: â€œ@JSTheWanted: THEY ARE EITHER WINNING OR CATCHING UP FAST #KCA #VoteTheWantedUK,0
I'm so ugly I should die right now.,0
@CamdynEllis don't leave..ğŸ˜¢,0
â€œ@1MrHonest: Can we have a convo or ?â€,0
"ANOTHER DAY FOR FREEDOM
Enjoy this motivational song from WorldMusic on AudioJungle
http://t.co/o51k8F8aLJ",0
ğŸ”¥ğŸ”¥ğŸ”¥CHECK OUT THE BEST #STL RAPPER @TDUBBOHMYGOD  #MM3 ğŸ‘‰ğŸ‘‰ğŸ‘‰ http://t.co/NEMm9YJDdm  #520PROMO ğŸ”¥ğŸ”¥ğŸ”¥,0
RT @Forbes: A hands-on review of the HTC One http://t.co/VOWXggm1P0 http://t.co/oq5X3BrOaL,0
RT @chloebrattoli: â€œ@Adriana_ThatsMe: chloe think she spanish cause she had some pupusas &amp; choco banana ğŸ˜‚ğŸ˜‚ğŸ˜‚â€el girl I am el spanishÃ²!!!,0
Twatching lol,0
"@migue17001 lmfao you gotta read this, its awesome http://t.co/O99mut5GFi",0
Imdone,0
Aida no I don'tğŸ˜”,0
Chilling watching movies in bed ğŸ‘ŒğŸ‘,0
@SandraGR08 I am laughing so much right now at this http://t.co/7fdbqnBRYa,0
Smd bish î’î’,0
RT @Obeywesli: DONT STOP RETWEETING #FindRELISHAâ™»ï¸â™»ï¸â™»ï¸â™»ï¸â™»ï¸ http://t.co/NUKOcEd4OS,0
"I found Knightâ€™s Shield in The Tribez &amp; Castlez for #Android. http://t.co/KK0s8ty0pi #androidgames,#gameinsight",0
"@hobooiknine why are you saying sorry? You have nothing to be sorry for.

I love you baby",0
"Please CLICK and LIKE :
1. Like their picture :
http://t.co/umNrMBVeiA
2. Like the Fanpage ng Real X-Site... http://t.co/r9E3bwLokk",0
@inkstainstyles I KEEP FARTING ALL OF A SUDDEN,0
Now playing Reza Khan - Sky Lights on NewporterJazz,0
"""@shakeycopter: @YoungThom713405 why haven't we is the question ğŸ¹"" go for it, I got my Pineapple juice, I'm straight",0
Color run in lyke 7 hours. I need to sleep,0
@GraffTime @MisticART  lol call 1800-KYS-FAGT pls,1
@_areelyyy ahah weirdos I heard you guys at first but it would've been cool if you would've called my name,0
I posted a new photo to Facebook http://t.co/MpTrT9iDJs,0
"so proud of my bbfl
tomorrow will be great !",0
@CynReneeGomezzz  lmao he's a pussy ass bitch! Tell him to fight me any where anytime oh wait he's too big of a bitch,1
